{"training_loss": 2.339684247970581, "epoch": 1, "_timestamp": 1709718756.9964473, "_runtime": 18.096408367156982, "_step": 189, "test_loss": 2.3710639404296874, "_wandb": {"runtime": 11}}