{"training_loss": 2.339684009552002, "epoch": 1, "_timestamp": 1709717940.5992975, "_runtime": 12.048003435134888, "_step": 189, "test_loss": 2.3710638671875, "_wandb": {"runtime": 11}}