{"training_loss": 2.339684009552002, "epoch": 1, "_timestamp": 1709718448.1051633, "_runtime": 11.658246278762817, "_step": 189, "test_loss": 2.3710638916015623, "_wandb": {"runtime": 11}}