{"training_loss": 2.339684247970581, "epoch": 1, "_timestamp": 1709718416.7464788, "_runtime": 11.60820484161377, "_step": 189, "test_loss": 2.3710638916015623, "_wandb": {"runtime": 11}}